code,severity,root,level,detail,observed,expected
BARE_ARRAY,info,community-uploads/ryan/3d_predictions_scroll1.zarr,,"bare zarr v2 array shape=[7888, 8096, 14376] chunks=[256, 256, 256] dtype=|u1",,
BARE_ARRAY,info,community-uploads/ryan/3d_predictions_scroll2.zarr,,"bare zarr v2 array shape=[10112, 11984, 14428] chunks=[256, 256, 256] dtype=|u1",,
BARE_ARRAY,info,community-uploads/ryan/3d_predictions_scroll3_invariant.zarr,,"bare zarr v2 array shape=[3550, 3400, 9778] chunks=[256, 256, 256] dtype=|u1",,
BARE_ARRAY,info,community-uploads/ryan/3d_predictions_scroll4.zarr,,"bare zarr v2 array shape=[3340, 3440, 11174] chunks=[256, 256, 256] dtype=|u1",,
BARE_ARRAY,info,community-uploads/youssef/1321.zarr,,"bare zarr v2 array shape=[65, 800, 2180] chunks=[9, 200, 545] dtype=|u1",,
BARE_ARRAY,info,community-uploads/youssef/zarr_segments/1321.zarr,,"bare zarr v2 array shape=[65, 2180, 800] chunks=[9, 545, 200] dtype=|u1",,
BARE_ARRAY,info,community-uploads/youssef/zarr_segments/20231210121321.zarr,,"bare zarr v2 array shape=[65, 2180, 800] chunks=[9, 545, 200] dtype=|u1",,
BARE_ARRAY,info,datasets/grand-prize-banner-region/volumes/gp_volume.zarr,,"bare zarr v2 array shape=[14376, 7888, 8096] chunks=[128, 128, 128] dtype=|u1",,
BARE_ARRAY,info,other/dev/meshes/20231022170900.zarr,,"bare zarr v2 array shape=[2103, 2592, 4195] chunks=[256, 256, 256] dtype=|u1",,
BARE_ARRAY,info,other/dev/meshes/boundaries.zarr,,"bare zarr v2 array shape=[14376, 7888, 8096] chunks=[128, 128, 128] dtype=|u1",,
BARE_ARRAY,info,other/dev/meshes/gp_legendary-medial-cubes.zarr,,"bare zarr v2 array shape=[14376, 7888, 8096] chunks=[128, 128, 128] dtype=|u1",,
BARE_ARRAY,info,other/dev/meshes/gp_legendary-medial-cubes-softmax.zarr,,"bare zarr v2 array shape=[14376, 7888, 8096] chunks=[128, 128, 128] dtype=<f4",,
CHUNK_EXCEEDS_SHAPE,info,community-uploads/youssef/1321omerot.zarr,4,chunk exceeds level extent on every axis (~29x),"chunks=[9, 545, 200] shape=[5, 137, 50]",
CHUNK_EXCEEDS_SHAPE,info,community-uploads/youssef/1321omerot.zarr,5,chunk exceeds level extent on every axis (~190x),"chunks=[9, 545, 200] shape=[3, 69, 25]",
CHUNK_EXCEEDS_SHAPE,info,community-uploads/bruniss/test_vols/s5_test.zarr,4,chunk exceeds level extent on every axis (~30x),"chunks=[128, 128, 128] shape=[32, 47, 47]",
CHUNK_EXCEEDS_SHAPE,info,community-uploads/bruniss/test_vols/s5_test.zarr,5,chunk exceeds level extent on every axis (~228x),"chunks=[128, 128, 128] shape=[16, 24, 24]",
CHUNK_EXCEEDS_SHAPE,info,other/dev/inked_zarrs/20230530164535.zarr,5,chunk exceeds level extent on every axis (~43x),"chunks=[4, 512, 512] shape=[3, 115, 70]",
CHUNK_EXCEEDS_SHAPE,info,other/dev/inked_zarrs/20230520175435.zarr,5,chunk exceeds level extent on every axis (~15x),"chunks=[4, 512, 512] shape=[3, 92, 248]",
CHUNK_EXCEEDS_SHAPE,info,other/dev/inked_zarrs/20230820203112.zarr,5,chunk exceeds level extent on every axis (~18x),"chunks=[4, 512, 512] shape=[3, 225, 84]",
CHUNK_EXCEEDS_SHAPE,info,other/dev/inked_zarrs/20230601193301.zarr,5,chunk exceeds level extent on every axis (~13x),"chunks=[4, 512, 512] shape=[3, 123, 215]",
CHUNK_EXCEEDS_SHAPE,info,other/dev/inked_zarrs/20230611014200.zarr,5,chunk exceeds level extent on every axis (~41x),"chunks=[4, 512, 512] shape=[3, 101, 85]",
CHUNK_EXCEEDS_SHAPE,info,other/dev/inked_zarrs/20230826170124.zarr,5,chunk exceeds level extent on every axis (~18x),"chunks=[4, 512, 512] shape=[3, 162, 118]",
CHUNK_EXCEEDS_SHAPE,info,other/dev/inked_zarrs/20230901184804.zarr,5,chunk exceeds level extent on every axis (~12x),"chunks=[4, 512, 512] shape=[3, 210, 136]",
CHUNK_EXCEEDS_SHAPE,info,other/dev/inked_zarrs/20230902141231.zarr,5,chunk exceeds level extent on every axis (~19x),"chunks=[4, 512, 512] shape=[3, 152, 122]",
CHUNK_EXCEEDS_SHAPE,info,other/dev/inked_zarrs/20230903193206.zarr,5,chunk exceeds level extent on every axis (~9x),"chunks=[4, 512, 512] shape=[3, 325, 125]",
CHUNK_EXCEEDS_SHAPE,info,other/dev/inked_zarrs/20230904135535.zarr,5,chunk exceeds level extent on every axis (~11x),"chunks=[4, 512, 512] shape=[3, 222, 142]",
CHUNK_EXCEEDS_SHAPE,info,other/dev/inked_zarrs/20231004222109.zarr,5,chunk exceeds level extent on every axis (~9x),"chunks=[4, 512, 512] shape=[3, 372, 110]",
LEVEL_NO_CHUNKS,high,other/dev/inked_zarrs/3336_predictions.zarr,0,array header present but level directory holds no chunk keys; reads return fill_value with no error,top_entries=0 fill_value=0,<=31 top-level keys (7936 chunks if dense)
LEVEL_NO_CHUNKS,high,other/dev/inked_zarrs/3336_predictions.zarr,1,array header present but level directory holds no chunk keys; reads return fill_value with no error,top_entries=0 fill_value=0,<=16 top-level keys (1024 chunks if dense)
LEVEL_NO_CHUNKS,high,other/dev/inked_zarrs/3336_predictions.zarr,2,array header present but level directory holds no chunk keys; reads return fill_value with no error,top_entries=0 fill_value=0,<=8 top-level keys (128 chunks if dense)
LEVEL_NO_CHUNKS,high,other/dev/inked_zarrs/3336_predictions.zarr,3,array header present but level directory holds no chunk keys; reads return fill_value with no error,top_entries=0 fill_value=0,<=4 top-level keys (16 chunks if dense)
LEVEL_NO_CHUNKS,high,other/dev/inked_zarrs/3336_predictions.zarr,4,array header present but level directory holds no chunk keys; reads return fill_value with no error,top_entries=0 fill_value=0,<=2 top-level keys (2 chunks if dense)
LEVEL_NO_CHUNKS,high,other/dev/inked_zarrs/3336_predictions.zarr,5,array header present but level directory holds no chunk keys; reads return fill_value with no error,top_entries=0 fill_value=0,<=1 top-level keys (1 chunks if dense)
SCALE_SHAPE_MISMATCH,high,other/dev/inked_zarrs/3336_predictions11.zarr,1,"shape matches neither ceil nor floor of base/[2.0, 2.0, 1.0]","[64, 5504, 14976]","ceil=[32, 5504, 29952] floor=[32, 5504, 29952]"
SCALE_SHAPE_MISMATCH,high,other/dev/inked_zarrs/3336_predictions11.zarr,2,"shape matches neither ceil nor floor of base/[4.0, 4.0, 1.0]","[64, 2752, 7488]","ceil=[16, 2752, 29952] floor=[16, 2752, 29952]"
SCALE_SHAPE_MISMATCH,high,other/dev/inked_zarrs/3336_predictions11.zarr,3,"shape matches neither ceil nor floor of base/[8.0, 8.0, 1.0]","[64, 1376, 3744]","ceil=[8, 1376, 29952] floor=[8, 1376, 29952]"
SCALE_SHAPE_MISMATCH,high,other/dev/inked_zarrs/3336_predictions11.zarr,4,"shape matches neither ceil nor floor of base/[16.0, 16.0, 1.0]","[64, 688, 1872]","ceil=[4, 688, 29952] floor=[4, 688, 29952]"
SCALE_SHAPE_MISMATCH,high,other/dev/inked_zarrs/3336_predictions11.zarr,5,"shape matches neither ceil nor floor of base/[32.0, 32.0, 1.0]","[64, 344, 936]","ceil=[2, 344, 29952] floor=[2, 344, 29952]"
SCALE_SHAPE_MISMATCH,high,other/dev/inked_zarrs/3336_predictions10.zarr,1,"shape matches neither ceil nor floor of base/[2.0, 2.0, 1.0]","[64, 5504, 14976]","ceil=[32, 5504, 29952] floor=[32, 5504, 29952]"
SCALE_SHAPE_MISMATCH,high,other/dev/inked_zarrs/3336_predictions10.zarr,2,"shape matches neither ceil nor floor of base/[4.0, 4.0, 1.0]","[64, 2752, 7488]","ceil=[16, 2752, 29952] floor=[16, 2752, 29952]"
SCALE_SHAPE_MISMATCH,high,other/dev/inked_zarrs/3336_predictions10.zarr,3,"shape matches neither ceil nor floor of base/[8.0, 8.0, 1.0]","[64, 1376, 3744]","ceil=[8, 1376, 29952] floor=[8, 1376, 29952]"
SCALE_SHAPE_MISMATCH,high,other/dev/inked_zarrs/3336_predictions10.zarr,4,"shape matches neither ceil nor floor of base/[16.0, 16.0, 1.0]","[64, 688, 1872]","ceil=[4, 688, 29952] floor=[4, 688, 29952]"
SCALE_SHAPE_MISMATCH,high,other/dev/inked_zarrs/3336_predictions10.zarr,5,"shape matches neither ceil nor floor of base/[32.0, 32.0, 1.0]","[64, 344, 936]","ceil=[2, 344, 29952] floor=[2, 344, 29952]"
CHUNK_EXCEEDS_SHAPE,info,other/dev/inked_zarrs/1321_predictions.zarr,5,chunk exceeds level extent on every axis (~16x),"chunks=[4, 992, 1568] shape=[2, 496, 392]",
CHUNK_EXCEEDS_SHAPE,info,other/dev/inked_zarrs/3336_predictions3.zarr,5,chunk exceeds level extent on every axis (~8x),"chunks=[4, 688, 1872] shape=[2, 344, 936]",
CHUNK_EXCEEDS_SHAPE,info,other/dev/inked_zarrs/1321_predictions_binned.zarr,5,chunk exceeds level extent on every axis (~16x),"chunks=[4, 992, 1568] shape=[2, 496, 392]",
CHUNK_EXCEEDS_SHAPE,info,other/dev/inked_zarrs/20230522215721.zarr,5,chunk exceeds level extent on every axis (~14x),"chunks=[4, 512, 512] shape=[3, 175, 138]",
CHUNK_EXCEEDS_SHAPE,info,other/dev/inked_zarrs/20230530172803.zarr,5,chunk exceeds level extent on every axis (~23x),"chunks=[4, 512, 512] shape=[3, 146, 103]",
CHUNK_EXCEEDS_SHAPE,info,other/dev/inked_zarrs/20230531121653.zarr,5,chunk exceeds level extent on every axis (~64x),"chunks=[4, 512, 512] shape=[3, 74, 74]",
CHUNK_EXCEEDS_SHAPE,info,other/dev/inked_zarrs/20230531193658.zarr,5,chunk exceeds level extent on every axis (~23x),"chunks=[4, 512, 512] shape=[3, 82, 184]",
CHUNK_EXCEEDS_SHAPE,info,other/dev/inked_zarrs/20230530212931.zarr,5,chunk exceeds level extent on every axis (~39x),"chunks=[4, 512, 512] shape=[3, 120, 74]",
CHUNK_EXCEEDS_SHAPE,info,other/dev/inked_zarrs/20230620230617.zarr,5,chunk exceeds level extent on every axis (~15x),"chunks=[4, 512, 512] shape=[3, 205, 112]",
CHUNK_EXCEEDS_SHAPE,info,other/dev/inked_zarrs/20230620230619.zarr,5,chunk exceeds level extent on every axis (~10x),"chunks=[4, 512, 512] shape=[3, 203, 169]",
NOT_MULTISCALE,info,community-uploads/llesliee/Fragments/Fragment1/data.zarr,,"valid zarr group, no multiscales key; attrs=[]",,
NOT_MULTISCALE,info,community-uploads/llesliee/Fragments/Fragment3/data.zarr,,"valid zarr group, no multiscales key; attrs=[]",,
NOT_MULTISCALE,info,community-uploads/llesliee/Fragments/Fragment2/data.zarr,,"valid zarr group, no multiscales key; attrs=[]",,
NOT_MULTISCALE,info,community-uploads/llesliee/Fragments/Fragment4/data.zarr,,"valid zarr group, no multiscales key; attrs=[]",,
SCALE_SHAPE_MISMATCH,high,other/dev/inked_zarrs/3336_predictions9.zarr,1,"shape matches neither ceil nor floor of base/[2.0, 2.0, 1.0]","[31, 5504, 14976]","ceil=[31, 5504, 29952] floor=[31, 5504, 29952]"
SCALE_SHAPE_MISMATCH,high,other/dev/inked_zarrs/3336_predictions9.zarr,2,"shape matches neither ceil nor floor of base/[4.0, 4.0, 1.0]","[16, 2752, 7488]","ceil=[16, 2752, 29952] floor=[15, 2752, 29952]"
SCALE_SHAPE_MISMATCH,high,other/dev/inked_zarrs/3336_predictions9.zarr,3,"shape matches neither ceil nor floor of base/[8.0, 8.0, 1.0]","[8, 1376, 3744]","ceil=[8, 1376, 29952] floor=[7, 1376, 29952]"
SCALE_SHAPE_MISMATCH,high,other/dev/inked_zarrs/3336_predictions9.zarr,4,"shape matches neither ceil nor floor of base/[16.0, 16.0, 1.0]","[4, 688, 1872]","ceil=[4, 688, 29952] floor=[3, 688, 29952]"
SCALE_SHAPE_MISMATCH,high,other/dev/inked_zarrs/3336_predictions9.zarr,5,"shape matches neither ceil nor floor of base/[32.0, 32.0, 1.0]","[2, 344, 936]","ceil=[2, 344, 29952] floor=[1, 344, 29952]"
CHUNK_EXCEEDS_SHAPE,info,other/dev/inked_zarrs/3336_predictions9.zarr,5,chunk exceeds level extent on every axis (~8x),"chunks=[4, 688, 1872] shape=[2, 344, 936]",
BARE_ARRAY,info,other/dev/meshes/tomato_premesh.zarr,,"bare zarr v2 array shape=[14376, 7888, 8096] chunks=[128, 128, 128] dtype=|u1",,
BARE_ARRAY,info,community-uploads/bruniss/labels/normals/s1_gp_normals.zarr,,"bare zarr v2 array shape=[13700, 7888, 8096, 3] chunks=[192, 192, 192, 3] dtype=<u2",,
BARE_ARRAY,info,other/dev/meshes/fibers-renders/s1_labels-v2.zarr,,"bare zarr v2 array shape=[14376, 7888, 8096] chunks=[128, 128, 128] dtype=|u1",,
BARE_ARRAY,info,other/dev/meshes/fibers-renders/s1_labels.zarr,,"bare zarr v2 array shape=[14376, 7888, 8096] chunks=[128, 128, 128] dtype=|u1",,
BARE_ARRAY,info,other/dev/meshes/fibers-renders/s1_mask-v2.zarr,,"bare zarr v2 array shape=[14376, 7888, 8096] chunks=[128, 128, 128] dtype=|u1",,
BARE_ARRAY,info,other/dev/meshes/fibers-renders/s1_mask.zarr,,"bare zarr v2 array shape=[14376, 7888, 8096] chunks=[128, 128, 128] dtype=|u1",,
BARE_ARRAY,info,other/dev/meshes/fibers-renders/s5_labels-v2.zarr,,"bare zarr v2 array shape=[21000, 6700, 9100] chunks=[128, 128, 128] dtype=|u1",,
NOT_MULTISCALE,info,community-uploads/bruniss/scrolls/s1/normals/6000_7000_sheet-normals.zarr,,"valid zarr group, no multiscales key; attrs=[]",,
BARE_ARRAY,info,community-uploads/bruniss/scrolls/s1/fibers_3d/hz_vt_skeleton.zarr,,"bare zarr v2 array shape=[14376, 7888, 8096] chunks=[128, 128, 128] dtype=|u1",,
BARE_ARRAY,info,community-uploads/bruniss/labels/ink/s1/masked_labels.zarr,,"bare zarr v2 array shape=[14376, 7888, 8096] chunks=[128, 128, 128] dtype=|u1",,
BARE_ARRAY,info,community-uploads/bruniss/scrolls/s1/fibers_3d/vt_regular.zarr,,"bare zarr v2 array shape=[14376, 7888, 8096] chunks=[128, 128, 128] dtype=|u1",,
BARE_ARRAY,info,other/dev/meshes/fibers-renders/s5_mask-v2.zarr,,"bare zarr v2 array shape=[21000, 6700, 9100] chunks=[128, 128, 128] dtype=|u1",,
CHUNK_EXCEEDS_SHAPE,info,other/dev/meshes/20231022170900-ome.zarr,6,chunk exceeds level extent on every axis (~25x),"chunks=[128, 128, 128] shape=[32, 40, 65]",
CHUNK_EXCEEDS_SHAPE,info,other/dev/meshes/20231022170900-ome.zarr,7,chunk exceeds level extent on every axis (~205x),"chunks=[128, 128, 128] shape=[16, 20, 32]",
BARE_ARRAY,info,community-uploads/bruniss/scrolls/s1/fibers_3d/hz_regular.zarr,,"bare zarr v2 array shape=[14376, 7888, 8096] chunks=[128, 128, 128] dtype=|u1",,
BARE_ARRAY,info,community-uploads/bruniss/scrolls/s1/fibers_3d/hz_vt_reg.zarr,,"bare zarr v2 array shape=[14376, 7888, 8096] chunks=[128, 128, 128] dtype=|u1",,
BARE_ARRAY,info,community-uploads/bruniss/scrolls/s3/surfaces/s3-surface-erode.zarr,,"bare zarr v2 array shape=[9778, 3400, 3550] chunks=[128, 128, 128] dtype=|u1",,
BARE_ARRAY,info,community-uploads/bruniss/scrolls/s3/surfaces/s3-surface-regular.zarr,,"bare zarr v2 array shape=[9778, 3400, 3550] chunks=[128, 128, 128] dtype=|u1",,
BARE_ARRAY,info,community-uploads/bruniss/scrolls/s4/surfaces/s4-surface-erode.zarr,,"bare zarr v2 array shape=[11174, 3440, 3340] chunks=[128, 128, 128] dtype=|u1",,
BARE_ARRAY,info,community-uploads/bruniss/scrolls/s4/surfaces/s4-surface-regular.zarr,,"bare zarr v2 array shape=[11174, 3440, 3340] chunks=[128, 128, 128] dtype=|u1",,
NOT_A_ZARR_GROUP,info,community-uploads/bruniss/scrolls/s4/3d_ink/s4_predictions.zarr,,"1 dirs, 0 files, none Zarr-like",,
LEVEL_MISSING,high,fragments/Frag3/PHercParis1Fr34.volpkg/volumes_standardized/88keV_3.24um_.zarr,1,declared in multiscales but no readable array header: .zarray: 404 Not Found: https://dl.ash2txt.org/fragments/Frag3/PHercParis1Fr34.volpkg/volumes_standardized/88keV_3.24um_.zarr/1/.zarray | zarr.json: 404 Not Found: https://dl.ash2txt.org/fragments/Frag3/PHercParis1Fr34.volpkg/volumes_standardized/88keV_3.24um_.zarr/1/zarr.json,,
LEVEL_MISSING,high,fragments/Frag3/PHercParis1Fr34.volpkg/volumes_standardized/88keV_3.24um_.zarr,2,declared in multiscales but no readable array header: .zarray: 404 Not Found: https://dl.ash2txt.org/fragments/Frag3/PHercParis1Fr34.volpkg/volumes_standardized/88keV_3.24um_.zarr/2/.zarray | zarr.json: 404 Not Found: https://dl.ash2txt.org/fragments/Frag3/PHercParis1Fr34.volpkg/volumes_standardized/88keV_3.24um_.zarr/2/zarr.json,,
LEVEL_MISSING,high,fragments/Frag3/PHercParis1Fr34.volpkg/volumes_standardized/88keV_3.24um_.zarr,3,declared in multiscales but no readable array header: .zarray: 404 Not Found: https://dl.ash2txt.org/fragments/Frag3/PHercParis1Fr34.volpkg/volumes_standardized/88keV_3.24um_.zarr/3/.zarray | zarr.json: 404 Not Found: https://dl.ash2txt.org/fragments/Frag3/PHercParis1Fr34.volpkg/volumes_standardized/88keV_3.24um_.zarr/3/zarr.json,,
LEVEL_MISSING,high,fragments/Frag3/PHercParis1Fr34.volpkg/volumes_standardized/88keV_3.24um_.zarr,4,declared in multiscales but no readable array header: .zarray: 404 Not Found: https://dl.ash2txt.org/fragments/Frag3/PHercParis1Fr34.volpkg/volumes_standardized/88keV_3.24um_.zarr/4/.zarray | zarr.json: 404 Not Found: https://dl.ash2txt.org/fragments/Frag3/PHercParis1Fr34.volpkg/volumes_standardized/88keV_3.24um_.zarr/4/zarr.json,,
LEVEL_MISSING,high,fragments/Frag3/PHercParis1Fr34.volpkg/volumes_standardized/88keV_3.24um_.zarr,5,declared in multiscales but no readable array header: .zarray: 404 Not Found: https://dl.ash2txt.org/fragments/Frag3/PHercParis1Fr34.volpkg/volumes_standardized/88keV_3.24um_.zarr/5/.zarray | zarr.json: 404 Not Found: https://dl.ash2txt.org/fragments/Frag3/PHercParis1Fr34.volpkg/volumes_standardized/88keV_3.24um_.zarr/5/zarr.json,,
CHUNK_EXCEEDS_SHAPE,info,fragments/Frag5/PHerc1667Cr1Fr3.volpkg/volumes_standardized/70keV_7.91um_.zarr,5,chunk exceeds level extent on every axis (~16x),"chunks=[128, 128, 128] shape=[98, 21, 64]",
CHUNK_EXCEEDS_SHAPE,info,fragments/Frag5/PHerc1667Cr1Fr3.volpkg/volumes_zarr/70keV_7.91um_.zarr,5,chunk exceeds level extent on every axis (~16x),"chunks=[128, 128, 128] shape=[98, 21, 64]",
LEVEL_MISSING,high,fragments/Frag3/PHercParis1Fr34.volpkg/volumes_zarr/88keV_3.24um_.zarr,1,declared in multiscales but no readable array header: .zarray: 404 Not Found: https://dl.ash2txt.org/fragments/Frag3/PHercParis1Fr34.volpkg/volumes_zarr/88keV_3.24um_.zarr/1/.zarray | zarr.json: 404 Not Found: https://dl.ash2txt.org/fragments/Frag3/PHercParis1Fr34.volpkg/volumes_zarr/88keV_3.24um_.zarr/1/zarr.json,,
LEVEL_MISSING,high,fragments/Frag3/PHercParis1Fr34.volpkg/volumes_zarr/88keV_3.24um_.zarr,2,declared in multiscales but no readable array header: .zarray: 404 Not Found: https://dl.ash2txt.org/fragments/Frag3/PHercParis1Fr34.volpkg/volumes_zarr/88keV_3.24um_.zarr/2/.zarray | zarr.json: 404 Not Found: https://dl.ash2txt.org/fragments/Frag3/PHercParis1Fr34.volpkg/volumes_zarr/88keV_3.24um_.zarr/2/zarr.json,,
LEVEL_MISSING,high,fragments/Frag3/PHercParis1Fr34.volpkg/volumes_zarr/88keV_3.24um_.zarr,3,declared in multiscales but no readable array header: .zarray: 404 Not Found: https://dl.ash2txt.org/fragments/Frag3/PHercParis1Fr34.volpkg/volumes_zarr/88keV_3.24um_.zarr/3/.zarray | zarr.json: 404 Not Found: https://dl.ash2txt.org/fragments/Frag3/PHercParis1Fr34.volpkg/volumes_zarr/88keV_3.24um_.zarr/3/zarr.json,,
LEVEL_MISSING,high,fragments/Frag3/PHercParis1Fr34.volpkg/volumes_zarr/88keV_3.24um_.zarr,4,declared in multiscales but no readable array header: .zarray: 404 Not Found: https://dl.ash2txt.org/fragments/Frag3/PHercParis1Fr34.volpkg/volumes_zarr/88keV_3.24um_.zarr/4/.zarray | zarr.json: 404 Not Found: https://dl.ash2txt.org/fragments/Frag3/PHercParis1Fr34.volpkg/volumes_zarr/88keV_3.24um_.zarr/4/zarr.json,,
LEVEL_MISSING,high,fragments/Frag3/PHercParis1Fr34.volpkg/volumes_zarr/88keV_3.24um_.zarr,5,declared in multiscales but no readable array header: .zarray: 404 Not Found: https://dl.ash2txt.org/fragments/Frag3/PHercParis1Fr34.volpkg/volumes_zarr/88keV_3.24um_.zarr/5/.zarray | zarr.json: 404 Not Found: https://dl.ash2txt.org/fragments/Frag3/PHercParis1Fr34.volpkg/volumes_zarr/88keV_3.24um_.zarr/5/zarr.json,,
COMPRESSOR_DRIFT,low,full-scrolls/Scroll5/PHerc172.volpkg/volumes_zarr/20241024131838.zarr,,compressor differs across levels,"{""blosc:zstd:l3"": [""0""], ""none"": [""1"", ""2"", ""3"", ""4"", ""5""]}",
LEVEL_MISSING,high,community-uploads/bruniss/scrolls/s5/surfaces,0,declared in multiscales but no readable array header: .zarray: 404 Not Found: https://dl.ash2txt.org/community-uploads/bruniss/scrolls/s5/surfaces/0/.zarray | zarr.json: 404 Not Found: https://dl.ash2txt.org/community-uploads/bruniss/scrolls/s5/surfaces/0/zarr.json,,
LEVEL_MISSING,high,community-uploads/bruniss/scrolls/s5/surfaces,1,declared in multiscales but no readable array header: .zarray: 404 Not Found: https://dl.ash2txt.org/community-uploads/bruniss/scrolls/s5/surfaces/1/.zarray | zarr.json: 404 Not Found: https://dl.ash2txt.org/community-uploads/bruniss/scrolls/s5/surfaces/1/zarr.json,,
LEVEL_MISSING,high,community-uploads/bruniss/scrolls/s5/surfaces,2,declared in multiscales but no readable array header: .zarray: 404 Not Found: https://dl.ash2txt.org/community-uploads/bruniss/scrolls/s5/surfaces/2/.zarray | zarr.json: 404 Not Found: https://dl.ash2txt.org/community-uploads/bruniss/scrolls/s5/surfaces/2/zarr.json,,
LEVEL_NO_CHUNKS,high,community-uploads/bruniss/labels/surfaces/archive/1-voxel-sheet_slices-closed.zarr,1,array header present but level directory holds no chunk keys; reads return fill_value with no error,top_entries=0 fill_value=0,<=57 top-level keys (56544 chunks if dense)
LEVEL_NO_CHUNKS,high,community-uploads/bruniss/labels/surfaces/archive/1-voxel-sheet_slices-closed.zarr,2,array header present but level directory holds no chunk keys; reads return fill_value with no error,top_entries=0 fill_value=0,<=29 top-level keys (7424 chunks if dense)
LEVEL_NO_CHUNKS,high,community-uploads/bruniss/labels/surfaces/archive/1-voxel-sheet_slices-closed.zarr,3,array header present but level directory holds no chunk keys; reads return fill_value with no error,top_entries=0 fill_value=0,<=15 top-level keys (960 chunks if dense)
LEVEL_NO_CHUNKS,high,community-uploads/bruniss/labels/surfaces/archive/1-voxel-sheet_slices-closed.zarr,4,array header present but level directory holds no chunk keys; reads return fill_value with no error,top_entries=0 fill_value=0,<=8 top-level keys (128 chunks if dense)
LEVEL_NO_CHUNKS,high,community-uploads/bruniss/labels/surfaces/archive/1-voxel-sheet_slices-closed.zarr,5,array header present but level directory holds no chunk keys; reads return fill_value with no error,top_entries=0 fill_value=0,<=4 top-level keys (16 chunks if dense)
COMPRESSOR_DRIFT,low,community-uploads/bruniss/labels/surfaces/archive/1-voxel-sheet_slices-closed.zarr,,compressor differs across levels,"{""blosc:lz4:l5"": [""0""], ""none"": [""1"", ""2"", ""3"", ""4"", ""5""]}",
CHUNK_EXCEEDS_SHAPE,info,community-uploads/forrest/volcomp/PHerc0009B/volumes/20250521125136-8.640um-1.2m-116keV-masked.zarr,5,chunk exceeds level extent on every axis (~60x),"chunks=[1024, 1024, 1024] shape=[300, 245, 245]",
CHUNK_EXCEEDS_SHAPE,info,community-uploads/forrest/volcomp/PHerc0125/volumes/20250821151825-9.362um-1.2m-113keV-masked.zarr,5,chunk exceeds level extent on every axis (~24x),"chunks=[1024, 1024, 1024] shape=[652, 263, 263]",
CHUNK_EXCEEDS_SHAPE,info,community-uploads/forrest/volcomp/PHerc0139/volumes/20250728140407-9.362um-1.2m-113keV-masked.zarr,5,chunk exceeds level extent on every axis (~38x),"chunks=[1024, 1024, 1024] shape=[656, 207, 207]",
CHUNK_EXCEEDS_SHAPE,info,community-uploads/forrest/volcomp/PHerc0172/volumes/20241024131839-7.910um-53keV-masked.zarr,5,chunk exceeds level extent on every axis (~28x),"chunks=[1024, 1024, 1024] shape=[651, 210, 285]",
BARE_ARRAY,info,community-uploads/bruniss/scrolls/s1/archive/old_fiber_preds/7000_11249_originals.zarr,,"bare zarr v2 array shape=[5002, 3145, 3432] chunks=[500, 500, 500] dtype=|u1",,
BARE_ARRAY,info,community-uploads/bruniss/scrolls/s1/archive/old_fiber_preds/7000_11249_predictions.zarr,,"bare zarr v2 array shape=[4251, 3145, 3432] chunks=[500, 500, 500] dtype=|u1",,
BARE_ARRAY,info,community-uploads/bruniss/scrolls/s1/surfaces/full_scroll/s1-surface-erode.zarr,,"bare zarr v2 array shape=[14376, 8096, 7888] chunks=[128, 128, 128] dtype=|u1",,
BARE_ARRAY,info,community-uploads/bruniss/scrolls/s1/surfaces/full_scroll/s1-surface-regular.zarr,,"bare zarr v2 array shape=[14376, 8096, 7888] chunks=[128, 128, 128] dtype=|u1",,
NOT_MULTISCALE,info,full-scrolls/Scroll5/PHerc172.volpkg/representations/direction_fields/s5-structure-tensor,,"valid zarr group, no multiscales key; attrs=['num_parts', 'original_volume_shape', 'overlap', 'part_id', 'patch_size', 'sigma', 'smooth_components']",,
CONTAINER_NO_GROUP_HEADER,low,full-scrolls/Scroll5/PHerc172.volpkg/representations/direction_fields/s5-fiber-directions.zarr,,"2/2 probed children are Zarr nodes (['horizontal', 'vertical']); no group header at root",,
BARE_ARRAY,info,community-uploads/bruniss/scrolls/s1/fibers_3d/gp_only/old/mask-fiber-only_rescaled.zarr,,"bare zarr v2 array shape=[14376, 8096, 7888] chunks=[500, 500, 500] dtype=|u1",,
BARE_ARRAY,info,community-uploads/bruniss/scrolls/s1/fibers_3d/gp_only/old/mask-hz-only_rescaled.zarr,,"bare zarr v2 array shape=[14376, 8096, 7888] chunks=[500, 500, 500] dtype=|u1",,
CHUNK_EXCEEDS_SHAPE,info,community-uploads/forrest/volcomp/PHerc0175A/volumes/20250521115057-8.640um-1.2m-116keV-masked.zarr,5,chunk exceeds level extent on every axis (~31x),"chunks=[1024, 1024, 1024] shape=[399, 293, 293]",
BARE_ARRAY,info,community-uploads/bruniss/scrolls/s1/surfaces/gp_only/old/mask-2ext-surface-erode_rescaled.zarr,,"bare zarr v2 array shape=[14376, 8096, 7888] chunks=[500, 500, 500] dtype=|u1",,
BARE_ARRAY,info,community-uploads/bruniss/scrolls/s1/surfaces/gp_only/old/mask-2ext-surface_rescaled.zarr,,"bare zarr v2 array shape=[14376, 8096, 7888] chunks=[500, 500, 500] dtype=|u1",,
CHUNK_EXCEEDS_SHAPE,info,community-uploads/forrest/volcomp/PHerc0175B/volumes/20250521125822-8.640um-1.2m-116keV-masked.zarr,5,chunk exceeds level extent on every axis (~24x),"chunks=[1024, 1024, 1024] shape=[497, 301, 301]",
CHUNK_EXCEEDS_SHAPE,info,community-uploads/forrest/volcomp/PHerc0191/volumes/20250821151635-9.362um-1.2m-113keV-masked.zarr,5,chunk exceeds level extent on every axis (~26x),"chunks=[1024, 1024, 1024] shape=[594, 263, 263]",
CHUNK_EXCEEDS_SHAPE,info,community-uploads/forrest/volcomp/PHerc0211/volumes/20250821151803-9.362um-1.2m-113keV-masked.zarr,5,chunk exceeds level extent on every axis (~29x),"chunks=[1024, 1024, 1024] shape=[607, 249, 249]",
CHUNK_EXCEEDS_SHAPE,info,community-uploads/forrest/volcomp/PHerc0257/volumes/20250821151750-9.362um-1.2m-113keV-masked.zarr,5,chunk exceeds level extent on every axis (~26x),"chunks=[1024, 1024, 1024] shape=[590, 263, 263]",
CHUNK_EXCEEDS_SHAPE,info,community-uploads/forrest/volcomp/PHerc0268/volumes/20251110183117-8.640um-1.2m-116keV-masked.zarr,5,chunk exceeds level extent on every axis (~16x),"chunks=[1024, 1024, 1024] shape=[464, 380, 380]",
CHUNK_EXCEEDS_SHAPE,info,community-uploads/forrest/volcomp/PHerc0306B/volumes/20250521133212-8.640um-1.2m-116keV-masked.zarr,5,chunk exceeds level extent on every axis (~28x),"chunks=[1024, 1024, 1024] shape=[497, 277, 277]",
CHUNK_EXCEEDS_SHAPE,info,community-uploads/forrest/volcomp/PHerc0343/volumes/20250521140437-8.640um-1.2m-116keV-masked.zarr,5,chunk exceeds level extent on every axis (~26x),"chunks=[1024, 1024, 1024] shape=[563, 269, 269]",
CHUNK_EXCEEDS_SHAPE,info,community-uploads/forrest/volcomp/PHerc0343P/volumes/20250521134555-8.640um-1.2m-116keV-masked.zarr,4,chunk exceeds level extent on every axis (~32x),"chunks=[1024, 1024, 1024] shape=[338, 317, 317]",
CHUNK_EXCEEDS_SHAPE,info,community-uploads/forrest/volcomp/PHerc0343P/volumes/20250521134555-8.640um-1.2m-116keV-masked.zarr,5,chunk exceeds level extent on every axis (~251x),"chunks=[1024, 1024, 1024] shape=[169, 159, 159]",
CHUNK_EXCEEDS_SHAPE,info,community-uploads/forrest/volcomp/PHerc0343P/volumes/20260304131111-2.215um-0.4m-111keV-masked.zarr,5,chunk exceeds level extent on every axis (~10x),"chunks=[1024, 1024, 1024] shape=[648, 412, 412]",
CHUNK_EXCEEDS_SHAPE,info,community-uploads/forrest/volcomp/PHerc0358/volumes/20250821151737-9.362um-1.2m-113keV-masked.zarr,5,chunk exceeds level extent on every axis (~39x),"chunks=[1024, 1024, 1024] shape=[461, 244, 244]",
CHUNK_EXCEEDS_SHAPE,info,community-uploads/forrest/volcomp/PHerc0483A/volumes/20250521140913-8.640um-1.2m-116keV-masked.zarr,5,chunk exceeds level extent on every axis (~28x),"chunks=[1024, 1024, 1024] shape=[497, 277, 277]",
CHUNK_EXCEEDS_SHAPE,info,community-uploads/forrest/volcomp/PHerc0483B/volumes/20251124083638-8.640um-1.2m-116keV-masked.zarr,5,chunk exceeds level extent on every axis (~42x),"chunks=[1024, 1024, 1024] shape=[372, 261, 261]",
CHUNK_EXCEEDS_SHAPE,info,community-uploads/forrest/volcomp/PHerc0490A/volumes/20250521151210-8.640um-1.2m-116keV-masked.zarr,5,chunk exceeds level extent on every axis (~36x),"chunks=[1024, 1024, 1024] shape=[366, 285, 285]",
CHUNK_EXCEEDS_SHAPE,info,community-uploads/forrest/volcomp/PHerc0490B/volumes/20250521151215-8.640um-1.2m-116keV-masked.zarr,5,chunk exceeds level extent on every axis (~47x),"chunks=[1024, 1024, 1024] shape=[333, 261, 261]",
CHUNK_EXCEEDS_SHAPE,info,community-uploads/forrest/volcomp/PHerc0500P2/volumes/20250820143440-9.362um-1.2m-113keV-masked.zarr,4,chunk exceeds level extent on every axis (~35x),"chunks=[1024, 1024, 1024] shape=[442, 263, 263]",
CHUNK_EXCEEDS_SHAPE,info,community-uploads/forrest/volcomp/PHerc0500P2/volumes/20250820143440-9.362um-1.2m-113keV-masked.zarr,5,chunk exceeds level extent on every axis (~279x),"chunks=[1024, 1024, 1024] shape=[221, 132, 132]",
CHUNK_EXCEEDS_SHAPE,info,community-uploads/forrest/volcomp/PHerc0500P2/volumes/20250821110041-0.500um-masked.zarr,4,chunk exceeds level extent on every axis (~8x),"chunks=[1024, 1024, 1024] shape=[770, 676, 244]",
CHUNK_EXCEEDS_SHAPE,info,community-uploads/forrest/volcomp/PHerc0500P2/volumes/20250821110041-0.500um-masked.zarr,5,chunk exceeds level extent on every axis (~68x),"chunks=[1024, 1024, 1024] shape=[385, 338, 122]",
CHUNK_EXCEEDS_SHAPE,info,community-uploads/forrest/volcomp/PHerc0500P2/volumes/20250528085330-4.317um-1.2m-111keV-masked.zarr,5,chunk exceeds level extent on every axis (~25x),"chunks=[1024, 1024, 1024] shape=[495, 295, 295]",
CHUNK_EXCEEDS_SHAPE,info,community-uploads/forrest/volcomp/PHerc0500P2/volumes/20250821110041-0.550um-0.1m-65keV-masked.zarr,4,chunk exceeds level extent on every axis (~8x),"chunks=[1024, 1024, 1024] shape=[770, 676, 244]",
CHUNK_EXCEEDS_SHAPE,info,community-uploads/forrest/volcomp/PHerc0500P2/volumes/20250821110041-0.550um-0.1m-65keV-masked.zarr,5,chunk exceeds level extent on every axis (~68x),"chunks=[1024, 1024, 1024] shape=[385, 338, 122]",
CHUNK_EXCEEDS_SHAPE,info,community-uploads/forrest/volcomp/PHerc0800/volumes/20250521135224-8.640um-1.2m-116keV-masked.zarr,5,chunk exceeds level extent on every axis (~15x),"chunks=[1024, 1024, 1024] shape=[760, 309, 309]",
CHUNK_EXCEEDS_SHAPE,info,community-uploads/forrest/volcomp/PHerc0813/volumes/20250821151723-9.362um-1.2m-113keV-masked.zarr,5,chunk exceeds level extent on every axis (~33x),"chunks=[1024, 1024, 1024] shape=[532, 249, 249]",
CHUNK_EXCEEDS_SHAPE,info,community-uploads/forrest/volcomp/PHerc0814/volumes/20250804134230-9.362um-1.2m-113keV-masked.zarr,5,chunk exceeds level extent on every axis (~54x),"chunks=[1024, 1024, 1024] shape=[606, 181, 181]",
CHUNK_EXCEEDS_SHAPE,info,community-uploads/forrest/volcomp/PHerc0826/volumes/20250821151701-9.362um-1.2m-113keV-masked.zarr,5,chunk exceeds level extent on every axis (~31x),"chunks=[1024, 1024, 1024] shape=[529, 256, 256]",
CHUNK_EXCEEDS_SHAPE,info,community-uploads/forrest/volcomp/PHerc0841/volumes/20250821151531-9.366um-1.2m-113keV-masked.zarr,5,chunk exceeds level extent on every axis (~30x),"chunks=[1024, 1024, 1024] shape=[607, 241, 241]",
CHUNK_EXCEEDS_SHAPE,info,community-uploads/forrest/volcomp/PHerc0846B/volumes/20250804142305-9.362um-1.2m-113keV-masked.zarr,5,chunk exceeds level extent on every axis (~41x),"chunks=[1024, 1024, 1024] shape=[436, 246, 246]",
CHUNK_EXCEEDS_SHAPE,info,community-uploads/forrest/volcomp/PHerc1203/volumes/20250820131727-9.362um-1.2m-113keV-masked.zarr,5,chunk exceeds level extent on every axis (~39x),"chunks=[1024, 1024, 1024] shape=[594, 214, 214]",
CHUNK_EXCEEDS_SHAPE,info,community-uploads/forrest/volcomp/PHerc1218/volumes/20250521120456-8.640um-1.2m-116keV-masked.zarr,5,chunk exceeds level extent on every axis (~26x),"chunks=[1024, 1024, 1024] shape=[727, 238, 238]",
CHUNK_EXCEEDS_SHAPE,info,community-uploads/forrest/volcomp/PHerc1447/volumes/20250521151220-8.640um-1.2m-116keV-masked.zarr,5,chunk exceeds level extent on every axis (~21x),"chunks=[1024, 1024, 1024] shape=[760, 261, 261]",
CHUNK_EXCEEDS_SHAPE,info,community-uploads/forrest/volcomp/PHerc1451/volumes/20250521151225-8.640um-1.2m-116keV-masked.zarr,5,chunk exceeds level extent on every axis (~58x),"chunks=[1024, 1024, 1024] shape=[563, 182, 182]",
BARE_ARRAY,info,community-uploads/bruniss/scrolls/s1/surfaces/gp_only/old/1122_preds/newst-sfc-regular-thresh.zarr,,"bare zarr v2 array shape=[14376, 7888, 8096] chunks=[128, 128, 128] dtype=|u1",,
BARE_ARRAY,info,community-uploads/bruniss/scrolls/s1/surfaces/gp_only/old/1122_preds/skeleton-sm.zarr,,"bare zarr v2 array shape=[14376, 7888, 8096] chunks=[128, 128, 128] dtype=|u1",,
BARE_ARRAY,info,community-uploads/bruniss/scrolls/s1/surfaces/gp_only/old/1122_preds/skeleton-thresh.zarr,,"bare zarr v2 array shape=[14376, 7888, 8096] chunks=[128, 128, 128] dtype=|u1",,
CHUNK_EXCEEDS_SHAPE,info,community-uploads/forrest/volcomp/PHercMANBp/volumes/20251216152116-2.399um-0.2m-78keV-masked.zarr,5,chunk exceeds level extent on every axis (~13x),"chunks=[1024, 1024, 1024] shape=[536, 394, 394]",
CHUNK_EXCEEDS_SHAPE,info,community-uploads/forrest/volcomp/PHerc0846A/volumes/20250728152254-9.362um-1.2m-113keV-masked.zarr,5,chunk exceeds level extent on every axis (~42x),"chunks=[1024, 1024, 1024] shape=[439, 242, 242]",
CHUNK_EXCEEDS_SHAPE,info,community-uploads/forrest/volcomp/PHerc1545/volumes/20250821151648-9.362um-1.2m-113keV-masked.zarr,5,chunk exceeds level extent on every axis (~30x),"chunks=[1024, 1024, 1024] shape=[656, 235, 235]",
CHUNK_EXCEEDS_SHAPE,info,community-uploads/forrest/volcomp/PHercParis4/volumes/20260310170716-45.532um-11.0m-74keV-masked.zarr,3,chunk exceeds level extent on every axis (~26x),"chunks=[1024, 1024, 1024] shape=[509, 283, 283]",
CHUNK_EXCEEDS_SHAPE,info,community-uploads/forrest/volcomp/PHercParis4/volumes/20260310170716-45.532um-11.0m-74keV-masked.zarr,4,chunk exceeds level extent on every axis (~209x),"chunks=[1024, 1024, 1024] shape=[255, 142, 142]",
CHUNK_EXCEEDS_SHAPE,info,community-uploads/forrest/volcomp/PHercParis4/volumes/20260310170716-45.532um-11.0m-74keV-masked.zarr,5,chunk exceeds level extent on every axis (~1664x),"chunks=[1024, 1024, 1024] shape=[128, 71, 71]",
CHUNK_EXCEEDS_SHAPE,info,community-uploads/forrest/volcomp/PHercParis4/volumes/20260310173927-45.532um-11.0m-110keV-masked.zarr,3,chunk exceeds level extent on every axis (~26x),"chunks=[1024, 1024, 1024] shape=[509, 283, 283]",
CHUNK_EXCEEDS_SHAPE,info,community-uploads/forrest/volcomp/PHercParis4/volumes/20260310173927-45.532um-11.0m-110keV-masked.zarr,4,chunk exceeds level extent on every axis (~209x),"chunks=[1024, 1024, 1024] shape=[255, 142, 142]",
CHUNK_EXCEEDS_SHAPE,info,community-uploads/forrest/volcomp/PHercParis4/volumes/20260310173927-45.532um-11.0m-110keV-masked.zarr,5,chunk exceeds level extent on every axis (~1664x),"chunks=[1024, 1024, 1024] shape=[128, 71, 71]",
COMPRESSOR_DRIFT,low,community-uploads/bruniss/scrolls/s1/surfaces/full_scroll/mask-2ext-surface-evenmore_ome.zarr,,compressor differs across levels,"{""blosc:lz4:l5"": [""0""], ""none"": [""1"", ""2"", ""3"", ""4"", ""5""]}",
COMPRESSOR_DRIFT,low,community-uploads/bruniss/scrolls/s1/surfaces/full_scroll/mask-2ext-surface_erode_evenmore_ome.zarr,,compressor differs across levels,"{""blosc:lz4:l5"": [""0""], ""none"": [""1"", ""2"", ""3"", ""4"", ""5""]}",
COMPRESSOR_DRIFT,low,community-uploads/bruniss/scrolls/s1/fibers_3d/gp_only/old/mask-fiber-only_ome.zarr,,compressor differs across levels,"{""blosc:lz4:l5"": [""0""], ""none"": [""1"", ""2"", ""3"", ""4"", ""5""]}",
COMPRESSOR_DRIFT,low,community-uploads/bruniss/scrolls/s1/fibers_3d/gp_only/old/mask-hz-only_ome.zarr,,compressor differs across levels,"{""blosc:lz4:l5"": [""0""], ""none"": [""1"", ""2"", ""3"", ""4"", ""5""]}",
COMPRESSOR_DRIFT,low,community-uploads/bruniss/scrolls/s1/surfaces/gp_only/old/mask-2ext-surface-erode_ome.zarr,,compressor differs across levels,"{""blosc:lz4:l5"": [""0""], ""none"": [""1"", ""2"", ""3"", ""4"", ""5""]}",
HEADERLESS_CHUNK_STORE,high,community-uploads/bruniss/scrolls/s1/surfaces/gp_only/old/1122_preds/newst-sfc-regular-sm.zarr,,48042 chunk-like keys (e.g. 105.40.19) but no .zarray/.zgroup/zarr.json -- undecodable,,
COMPRESSOR_DRIFT,low,community-uploads/bruniss/scrolls/s1/surfaces/gp_only/old/mask-2ext-surface_ome.zarr,,compressor differs across levels,"{""blosc:lz4:l5"": [""0""], ""none"": [""1"", ""2"", ""3"", ""4"", ""5""]}",
COMPRESSOR_DRIFT,low,community-uploads/bruniss/scrolls/s1/surfaces/gp_only/old/surface2xt-updated_ome.zarr,,compressor differs across levels,"{""blosc:lz4:l5"": [""0""], ""none"": [""1"", ""2"", ""3"", ""4"", ""5""]}",
CHUNK_EXCEEDS_SHAPE,info,community-uploads/forrest/volcomp/PHercParis4/volumes/20260323153942-2.400um-0.2m-137keV-masked.zarr,4,chunk exceeds level extent on every axis (~9x),"chunks=[1024, 1024, 1024] shape=[415, 527, 527]",
CHUNK_EXCEEDS_SHAPE,info,community-uploads/forrest/volcomp/PHercParis4/volumes/20260323153942-2.400um-0.2m-137keV-masked.zarr,5,chunk exceeds level extent on every axis (~74x),"chunks=[1024, 1024, 1024] shape=[208, 264, 264]",
